seed,test_mse
42,0.02761275417499958
123,0.027944687542499548
2025,0.027784273252499554
